CUST_ID,COMPANY_NAME,FIRST_NAME,LAST_NAME,ADDRESS,POSTAL_CODE,COUNTRY,PHONE,EMAIL,CUSTOMER_TYPE
CUS015,Davies Inc,Larissa,Scuylenborchs,Strada Magrassi 27 Appartamento 48,3158 YF,Netherlands,+31 916671179,larissa.scuylenborchs@daviesinc.nl,Business
CUS016,Rocha,Anunciacin,Walker,92 Merelboulevard,9947 AD,Netherlands,+31 284330458,anunciacin.walker@rocha.nl,Business
CUS017,Bohlander GbR,Harold,Horne,635 Helen stravenue,9081 RF,Netherlands,+31 729863365,harold.horne@bohlandergbr.nl,Business
CUS018,"Henderson, Lewis and Ryan",Jaylinn,Payne,C. de Hilda Perea 88,56388,Spain,+34 918522059,jaylinn.payne@hendersonlewisandryan.es,Business
CUS019,Lefebvre,David,Walker,Piazza Benedetto 0,1155,Switzerland,+41 615419206,david.walker@lefebvre.ch,Business
CUS020,,Stanley,Dixon,chemin de Mathieu,552-2167,United States,+1 266372474,stanley.dixon@yahoo.com,Logistics Provider
CUS021,,Monique,Walls,411 Grostr.,8209,Austria,+43 714133212,monique.walls@outlook.com,Individual
CUS022,Davison-Jones,Tiziano,Clenaghan,8 Joanne cliff,8531,Switzerland,+41 515319694,tiziano.clenaghan@davison-jones.ch,Business
CUS023,,Amanda,Cimarosa,"Flat 47
Keith mills",400172,Russia,+7 936502005,amanda.cimarosa@yahoo.com,Individual
CUS024,,Mandy,Cabaas,Avenida ngeles Guzmn 86,944796,Russia,+7 826227235,mandy.cabaas@hotmail.com,Retailer
CUS025,,Xavi,Lewis,"Flat 2
Metcalfe loaf",95919,Italy,+39 717126364,xavi.lewis@gmail.com,Retailer
CUS026,,Harris,Landers,Avenida de Carolina Saura 6 Apt. 49,39391,United States,+1 392776662,Harris.landers@hotmail.com,Individual
CUS027,,Charlie,Coholan,Calle de Aureliano Tapia 182,67063,Canada,+1 100523377,charlie.coholan@outlook.com,Individual
CUS028,,Christopher,Estevez,Dussen vanstr. 99,8616 BT,Netherlands,+31 232020645,christopher.estevez@.nl,Business
CUS029,"Yez, Molina and Julin",Tomas,Torres,5973 Edward Lodge,6047,Austria,+43 441447035,Tom.torres@yezmolinaandjulin.at,Business
CUS030,,Marcelo,Saragat,Piazza Roman 9 Appartamento 18,D3W2,Ireland,+353 374692677,marcelo.saragat@hotmail.com,Logistics Provider
CUS031,Anderson-Bailey,Ignacio,Guillou,542 Bass Tor,2429,Switzerland,+41 998301457,ignacio.guillou@anderson-bailey.ch,Business
CUS032,,Josh,ngel,Via de Selena Caizares 21,9206,Austria,+43 336029891,josh.ngel@outlook.com,Logistics Provider
CUS033,,Eutropio,Troupe,"Studio 69
Andrea circle",V4D 3CV,United Kingdom,+44 975307413,eutropio.trope@gmail.co.uk,Business
CUS034,Bertrand,Rosalia,songs,"Studio 37
Ferguson walk",Q6N 5RV,United Kingdom,+44 862284077,rosalia.song@bertrand.co.uk,Business
CUS035,,Brandi,Finke,Glorieta de Isabel Iborra 6,1165,Australia,+61 800106181,brandi.finke@.au,Business
CUS036,,Kerstin,Maia,94 chemin Fischer,30356,France,+33 294306929,kerstin.maia@.fr,Business
CUS037,Olsson & Gustafsson AB,Margareta,Pettersson,"Praa Domingues, 8",77135,France,+33 306309463,margareta.pettersson@olssonandgustafssonab.fr,Business
CUS038,Garobbio SPA,Pancho,Lysaght,54 Ricky keys,5733,Australia,+61 669383239,pancho.lysaght@garobbiospa.au,Business
CUS039,Leroy,Andrew,Allard,"6, avenue Gallet",59075,Germany,+49 307966366,andrew.allard@leroy.de,Business
CUS040,,Dina,Hamilton,9816 Jonathan Station Suite 088,14773,France,+33 774391854,dina.hamilton@yahoo.com,Retailer
CUS041,"Mclaughlin, Gonzalez and Reynolds",Joyce,Fouquet,34 Praca Cruz,2578-134,Portugal,+351 837070514,joyce.fouquet@mclaughlingonzalezandreynolds.pt,Business
CUS042,,Josefina,Malaparte,6 Davies extensions,90526,Italy,+39 373541053,josefina.malaparte@outlook.com,Individual
CUS043,,Laetitia,Lucey,753 Aliweg,1203 TU,Netherlands,+31 199584484,laetitia.lucey@outlook.com,Manufacturer
CUS044,,Jamie,Vergara,3872 Justin Shore Suite 134,59369,Sweden,+46 208556179,jamie.vergara@gmail.com,Individual
CUS045,,Jessica,Garcia,70 Jennifer Centre,9971,Austria,+43 844322185,jessica.garcia@outlook.com,Wholesaler
CUS046,"Ferrari, Pastine e Tagliafierro s.r.l.",Camila,Ribas,19721 Jennifer Courts,29184,United States,+1 349073848,camila.ribas@ferraripastineetagliafierrosrl.com,Business
CUS047,Anjos,Hanns,Shaughnessy,72788 Dodson Mills,31773,France,+33 701978830,hanns.shaughnessy@anjos.fr,Business
CUS048,"Roldan, Salmern and Cuenca",Cheyenne,Ball,"Travessa de Tefilo Braga, 5",76365,Spain,+34 611247529,cheyenne.ball@roldansalmernandcuenca.es,Business
CUS049,,Ty,Fontaine,7 Mohammed forest,Q5S 0QZ,United Kingdom,+44 835918935,ty.fontaine@gmail.com,Manufacturer
CUS050,,Benjamin,Morse,83 Callejon de Abril Ayllon,97665,Spain,+34 171585509,benjamin.morse@hotmail.com,Logistics Provider
CUS051,,Amlie,Stein,670 Burns loaf,5530,Australia,+61 815339791,amlie.stein@outlook.com,Wholesaler
CUS052,,Jacob,Gilbert,"444 /
 283 Linda Roadway",9959,Australia,+61 677416102,jacob.gilbert@gmail.com,Wholesaler
CUS053,,Caoilfhionn,Rogers,Viale Dionigi 8 Appartamento 69,92491,Italy,+39 855454719,caoilfhionn.rogers@hotmail.com,Freight Forwarder
CUS054,,Annetta,Silva,3 chemin Alves,66502,France,+33 846197236,annetta.silva@yahoo.com,Individual
CUS055,,Dennis,Pertini,561 Melissa Cape,L2S8L1,Canada,+1 548352604,dennis.pertini@outlook.com,Logistics Provider
CUS056,,Sheila,Andersson,"Unit 10
 330 John Piazza",D1Y7,Ireland,+353 432801101,sheila.andersson@icloud.com,Individual
CUS057,,Isabella,Batista,225 Wurzerstrae,6539,Austria,+43 351410002,isabella.batista@outlook.com,Wholesaler
CUS058,,Tamara,Carocci,Via de Cristina Amig 79,2669,Austria,+43 825110259,tamara.carocci@outlook.com,Logistics Provider
CUS059,,Randy,Greehy,314 Laura Port,44675,Germany,+49 223602361,randy.greehy@outlook.com,Freight Forwarder
CUS060,,Jose,applebee,"Studio 55C
Barnes flats",G9S5H9,Canada,+1 158899342,jose_bees@outlook.com,Business
CUS061,,Philippine,Poland,"Travessa dos Navegadores, 2",1888-974,Portugal,+351 854608628,philippine.poland@hotmail.com,Retailer
CUS062,,Gustavo,Melo,Camino de Emilia Pinilla 80,H6V5J6,Canada,+1 297177766,gustavo.melo@outlook.com,Freight Forwarder
CUS063,"Alonzi, Traetta e Federico SPA",Karl-Hermann,Kinnon,6 Peters Estate,1290,Austria,+43 883583225,karl-hermann.kinnon@alonzitraettaefedericospa.at,Business
CUS064,,Graziella,Alvarez,415 White Locks,M9P 9V6,Canada,+1 168400934,graziella.alvarez@yahoo.com,Retailer
CUS065,"Magennis, McCay and O'Casey",Debbie,Bowers,746  Street,3048350,Japan,+81 372883635,debbie.bowers@magennismccayando'casey.jp,Business
CUS066,Gorlitz,Stephanie,Wilkinson,202  Street,8541444,Japan,+81 653842626,stephanie.wilkinson@gorlitz.jp,Business
CUS067,,Elias,Porter,37 Largo das Pedras,6809-664,Portugal,+351 130963525,elias.porter@icloud.com,Logistics Provider
CUS068,,Bjorn,Clohessey,"Suite 710
 4 Mendoza Heights",581017,Russia,+7 148118434,bjorn.clohessey@icloud.com,Individual
CUS069,,Jeffrey,Svensson,1167 Barbara Spur Apt. 229,D3W4,Ireland,+353 461525533,jeffrey.svensson@gmail.com,Wholesaler
CUS070,,Richard,Valentino,520 Bright Green Suite 660,30082,United States,+1 726346201,richard.valentino@icloud.com,Wholesaler
CUS071,,Serena,Wilson,38 Knox Strand,1645,Australia,+61 613042892,serena.wilson@icloud.com,Logistics Provider
CUS072,,Aria,Uria,1232 Eric Lodge,80577,France,+33 761945075,Aria.uria@gmail.com,Freight Forwarder
CUS073,,Tomislav,Norris,"Flat 03s
Campbell motorway",1355,Austria,+43 266455378,tomislav.norris@yahoo.com,Manufacturer
CUS074,,Per,Allen,Incrocio Damiano 3 Appartamento 42,83100,Italy,+39 222735778,per.allen@gmail.com,Wholesaler
CUS075,Martucci Group,Cornelis,Bianchini,74648 Kim Rapid Apt. 659,33317,United States,+1 527095952,cornelis.bianchini@martuccigroup.com,Business
CUS076,,Jose,Bergstrom,294 Walker valley,N1C 5VN,United Kingdom,+44 191864759,jose.bergstrom@gmail.com,Manufacturer
CUS077,,Srgio,Ortiz,746 Shawn Island Suite 516,731729,Russia,+7 885759612,srgio.ortiz@.ru,Business
CUS078,,Arne,Mache,277 Reni-Lehmann-Strae,36627,Germany,+49 759200524,arne.che@icloud.com,Logistics Provider
CUS079,,Katherine,Lindholm,Jovan-Rohleder-Platz 7,D4X3,Ireland,+353 882682895,katherine.lindholm@outlook.com,Logistics Provider
CUS080,Bergman Sderlund AB,Raisa,Tintzmann,14508 Tiffany Skyway,60983,Canada,+1 795059779,raisa.tintzmann@bergmansderlundab.ca,Business
CUS081,,Allison,Ammaniti,"94, chemin de Legros",39706,Italy,+39 498999011,allison.ammaniti@gmail.com,Freight Forwarder
CUS082,,Daniela,Mhle,82 Bates rapid,67117,United States,+1 631376362,daniela.mhle@outlook.com,Individual
CUS083,,Poncio,Peck,58 / 04 Monroe Riverway,84886,Sweden,+46 146269139,poncio.peck@gmail.com,Individual
CUS084,,Margaux,Jones,Callejon Luciana Espana 41 Piso 3,77574,Spain,+34 453097488,margaux.jones@hotmail.com,Logistics Provider
CUS085,"Pi, Sarabia and Montserrat",Nadia,Joly,98 Ronda Gisela Ibarra,95413,Spain,+34 523202250,nadia.joly@pisarabiaandmontserrat.es,Business
CUS086,Nilsson Olsson HB,Bradley,Wei,5/6 Mechtild-Romer-Weg,71854,Germany,+49 503282217,bradley.wei@nilssonolssonhb.de,Business
CUS087,,Martin,Darcy,028 Viale Deledda,51957,Italy,+39 907628537,martin.darcy@icloud.com,Manufacturer
CUS088,,Cindy,Simmons,8657 Christina Freeway,930340,Russia,+7 512470070,cindy.simmons@yahoo.com,Manufacturer
CUS089,,Evangelina,Pottier,Kirsten-Schuster-Allee 724,7342-526,Portugal,+351 452524264,evangelina.pottier@.pt,Business
CUS090,Barba-Marcos,Rebecca,Carville,753 Contrada Benussi,23992,Italy,+39 394655453,rebecca.carville@barba-marcos.it,Business
CUS091,Engels & de Haas,Erin,White,"R. Lus Ferreira, 84",33967,United States,+1 466746109,erin.white@engels&dehaas.com,Business
CUS092,Cruz-Benavent,Eva,van Luin,866  Street,6823848,Japan,+81 527654443,eva.van luin@cruz-benavent.jp,Business
CUS093,Morais,Timothy,Engstrm,"Alameda Joana Lima, 54",283991,Russia,+7 156945470,timothy.engstrm@morais.ru,Business
CUS094,,Andrew,Persson,"Av de Paiva, 809",2353 JY,Netherlands,+31 325618388,andrew.persson@yahoo.com,Logistics Provider
CUS095,Falcn PLC,Cemil,Crimmins,"Flat 87a
Clark drive",M3R 7MR,United Kingdom,+44 818563654,cemil.crimmins@falcnplc.uk,Business
CUS096,,Saar,Harris,177  Street,8944405,Japan,+81 102756492,saar.harris@yahoo.com,Individual
CUS097,Svrd Gransson HB,Michael,Richardson,166 Brit-Rohleder-Gasse,68792,Germany,+49 644598510,michael.richardson@svrdgranssonhb.de,Business
CUS098,-,Susanne,Ballard,17 Conry Street,D9W3,Ireland,+353 310797515,susanne.ballard@-.ie,Business
CUS099,,Ocane,Chambers,513 Johnson Points Suite 931,8122460,Japan,+81 137590221,ocane.chambers@hotmail.com,Manufacturer
CUS100,Santos,Sean,Paiva,148 Shaw greens,S3S 8YD,United Kingdom,+44 635730051,sean.paiva@santos.co.uk,Business
CUS101,Balla-Paganini e figli,Amlia,Svensson,"3 /
 15 Brown Foreshore",14740,France,+33 502707307,amlia.svensson@balla-paganiniefigli.fr,Business
CUS102,,Charles,Pinho,"Flat 3
Adam turnpike",3685,Australia,+61 963595387,charles.pinho@gmail.com,Retailer
CUS103,Buchanan and Sons,Nazario,Peterse,"Rua Lus Jesus, 1",2953,Austria,+43 508521766,nazario.peterse@buchananandsons.at,Business
CUS104,,Borja,Almeida,Lea-Nobauer-Ring 0/2,6521,Austria,+43 240202779,borja.almeida@.at,Business
CUS105,"MacNeela, Biesty and Galvin",Kristy,Holohan,5 Pasaje Nestor Parra,86371,Spain,+34 268811646,kristy.holohan@macneelabiestyandgalvin.es,Business
CUS106,Palmer-Rodriguez,Salvi,Norry,0 Ellis Artery,D1X2,Ireland,+353 277397273,salvi.norry@palmer-rodriguez.ie,Business
CUS107,,Benjamn,stlund,"Avenida de Paiva Couceiro, 271",1840,Switzerland,+41 426855055,benjamn.stlund@icloud.com,Logistics Provider
CUS108,Branco Lda.,Bailey,Araujo,721 Martinez Mountain,540231,Russia,+7 817205531,bailey.araujo@brancolda.ru,Business
CUS109,van het Heerenveen Groep,Eugne,Mcguire,Viale Geraci 57,95455,Italy,+39 230146247,eugne.mcguire@vanhetheerenveengroep.it,Business
CUS110,Edwards LLC,Brent,Rismondo,37 Woulfe Street,D2W5,Ireland,+353 966371318,brent.rismondo@edwardsllc.ie,Business
CUS111,,Diogo,Caboto,"Flat 52
 0 Santiago Mall",3294,Switzerland,+41 144710882,diogo.caboto@yahoo.com,Retailer
CUS112,,Joshua,Griffin,Vicolo Donatella 3,75917,Spain,+34 128944130,joshua.griffin@hotmail.com,Business
CUS113,,Gianfranco,Persson,514 Lindsay Vista Apt. 940,5883,Switzerland,+41 714670545,gianfranco.persson@hotmail.com,Manufacturer
CUS114,,Henry,Trapp,Acceso de Adolfo Escudero 79 Apt. 20,093-8691,United States,+1 456926039,henry.trapp@outlook.com,Wholesaler
CUS115,,Martin,Paoletti,5 Strada Cagnotto,98514,Italy,+39 775750815,martin.paoletti@yahoo.com,Logistics Provider
CUS116,,Brooklyn,Stones,"Flat 2
Ahmed river",P0 5ST,United Kingdom,+44 495927887,brooklyn.st@gmail.com,Business
CUS117,,Matthijs,van Schevinghuizen,60 Siegriststrasse,3940,Switzerland,+41 451480871,matthijs.van schevinghuizen@outlook.com,Individual
CUS118,Saunders LLC,Dennis,Gomes,"107 /
 6 David Range",709284,Russia,+7 778870987,dennis.gomes@saundersllc.ru,Business
CUS119,Assuno,Jose,Arino,60 Cosgrove Street,12268,France,+33 948346474,jose.arino@assuno.fr,Business
CUS120,,Barbara,Larsson,285 Felberstrasse,3657,Switzerland,+41 431555411,barbara.larsson@.ch,Business
CUS121,,Ties,Richard,9681 Harrell Summit,1577,Austria,+43 382645487,ties.richard@gmail.com,Logistics Provider
CUS122,Buchholz GmbH & Co. OHG,Agata,Barrena,614  Street,3654823,Japan,+81 149017670,agata.barrena@buchholzgmbhandcoohg.jp,Business
CUS123,,Gunnar,Gray,73516 Sara Villages,23719,Canada,+1 407482422,gunnar.gray@icloud.com,Wholesaler
CUS124,,Pnlope,Techer,527 Taylor Roads Suite 490,2566,Australia,+61 837167085,pnlope.techer@.au,Business
CUS125,,Joel,Hunter,9 Furuvagen,13210,Sweden,+46 382474980,joel12hunter@gmail.com,Retailer
CUS126,,Greg,Phillips,9/8 Walburga-Otto-Gasse,70548,Germany,+49 942403767,fesasa.phillips@outlook.com,Business
CUS127,,Salvi,Moura,2175 Lawrence Centers,85190,Canada,+1 950627329,salvi.moura@outlook.com,Retailer
CUS128,,Wood,Stevens,"Studio 30V
Wall landing",W3M 5BM,United Kingdom,+44 785572719,Woods.steve@gmail.com,Business
CUS129,,Zbigniew,Briganto,4205 Anthony Valleys Suite 078,35588,Sweden,+46 919949988,zbigniew093@yahoo.com,Retailer
CUS130,,Sabrina,Thatcher,"Travessa Bento Martins, 3",2944-321,Portugal,+351 502932085,sabrina.thatcher@icloud.com,Logistics Provider
CUS131,,Morena,Moya,Canale Germana 85,57480,Italy,+39 350996094,morena.moya@gmail.com,Retailer
CUS006,Gustafsson & Eriksson AB,Danielle,Laurent,"Av Edgar Cardoso, S/N",K9X 4A9,Canada,+1 423003087,danielle.laurent@gustafsson&erikssonab.ca,Business
CUS007,Stichting Klomp Jan,Robin,Diggins,64 Kerins Street,9007-959,Portugal,+351 538069008,robin.diggins@stichtingklompjan.pt,Business
CUS008,Kaul auch Schlauchin GbR,Karen,Larsson,"Avenida Fernando Valle, S/N",1289,Switzerland,+41 839448662,karen.larsson@kaulauchschlauchingbr.ch,Business
CUS009,,Patrick,van Dijk,"Avenida Bryan Silva, 5",322589,Russia,+7 860378280,patrick.van dijk@gmail.com,Manufacturer
CUS010,,Tracie,Giannini,847 Sam-Schindler-Gasse,4555,Austria,+43 513742471,tracie.giannini@hotmail.com,Freight Forwarder
CUS011,Rubben & Driessen,Magnus,Janse,327 Nelson Route,62066,France,+33 459176058,magnus.janse@rubbenanddriessen.fr,Business
CUS012,Giacconi SPA,John,Newman,26 boulevard de Dupuy,67283,France,+33 782721274,john.newman@giacconispa.fr,Business
CUS013,,Albertine,Bjorn,79252 Ayala Ports Apt. 380,3790,Austria,+43 708206721,albertine.bjorn@gmail.com,Freight Forwarder
CUS014,Callahan and Sons,Callum,Vergo,Piazza Sabatino 62,96127,Spain,+34 926358920,callum.v@callahanandsons.es,Business
CUS132,Cook Group,Andrew,Parker,Vial Fabin Berenguer 91,911359,Russia,+7 764318133,andrew.parker@cookgroup.ru,Business
CUS133,,Katie,Martins,Vicolo Chechi 6,D4Y8,Ireland,+353 346427486,katie.martins@.ie,Business
CUS134,Valente Matos S/A,Eric,Gearty,3794 Young Garden Suite 735,66811,France,+33 941374518,eric.gearty@valentematoss/a.fr,Business
CUS135,,Irene,Nary,708 Peterstrasse,3313,Switzerland,+41 923386265,irene.nary@.ch,Business
CUS136,,Ola,Osterhoudt,222 boulevard Julie Lebrun,30902,France,+33 948597200,ola.osterhoudt@hotmail.com,Individual
CUS137,,Dylan,Nguyen,Margitta-Mentzel-Ring 606,78191,Sweden,+46 548262983,dylan.nguyen@hotmail.com,Wholesaler
CUS138,Brooks Inc,Wayne,Eriksson,693  Street,4379762,Japan,+81 276079669,wayne.eriksson@brooksinc.jp,Business
CUS139,Booth-Khan,Luciano,Bell,"9 /
 104 Mary Retreat",95821,United States,+1 595789301,luciano.bell@booth-khan.com,Business
CUS140,,Olalla,Gallet,37 Lanzstrasse,1262,Switzerland,+41 451688679,olalla.gallet@yahoo.com,Freight Forwarder
CUS141,"Sebastin, Barros and Cantero",Andrew,Marcacci,2 Simpson mills,J9 6IP,United Kingdom,+44 469141317,andrew.marcacci@sebastinbarrosandcantero.uk,Business
CUS142,,Kim,Micheletti,7 Jane streets,I1 4XN,United Kingdom,+44 193080008,kim.micheletti@gmail.com,Wholesaler
CUS143,,Edward,Ginese,"905 /
 9 Anna Cutting",7284,Switzerland,+41 209470277,edward.ginese@outlook.com,Wholesaler
CUS144,,Fintan,Williams,"37, rue Auger",52969,France,+33 432324200,fintan.williams@.fr,Business
CUS145,,Clare,Sims,30548 Hays Plains,2559,Switzerland,+41 384657854,clare.sims@outlook.com,Manufacturer
CUS146,,Thomas,Amorim,5054 Lauren Mews,52932,Canada,+1 809710310,thomas.amorim@icloud.com,Retailer
CUS147,Coelho,Chloe,Pomares,Rotonda Traversa 16 Appartamento 69,7459,Switzerland,+41 622215958,chloe.pomares@coelho.ch,Business
CUS148,Montesinos-Calderon,Marie-Louise,Ek,Caada de Mariano Salmern 862,9246147,Japan,+81 273932460,marie-louise.ek@montesinos-calderon.jp,Business
CUS149,,Amy-Leigh,Nolan,Callejn de Feliciana Barcel 7 Piso 8,43146,Germany,+49 719114478,amy-leigh.nolan@.de,Business
CUS150,,Laurie,Davies,858 James Road,47968,United States,+1 281807061,laurie.davies@icloud.com,Logistics Provider
CUS151,,Dario,Davidson,452 William Square,69898,Canada,+1 970112247,dariosdavidson@gmail.com,Logistics Provider
CUS152,Royal Schipper,Mirko,Puig,158  Street,5305849,Japan,+81 301076469,mirko.puig@royalschipper.jp,Business
CUS153,Hesse e.G.,Osvaldo,Skoglund,"53, avenue de Bourgeois",D8W9,Ireland,+353 846479705,osvaldo.skoglund@hesseeg.ie,Business
CUS154,Hayes Ltd,Dario,Huurdeman,60 Brennan Street,D6X4,Ireland,+353 495653813,dario.huurdeman@hayesltd.ie,Business
CUS155,Franke Trubin Stiftung & Co. KG,Pieter,van der Pol,00 Antonella-Seitz-Platz,3585,Austria,+43 979341925,pietervanderpol@franketrubinstiftungandcokg.at,Business
CUS156,Johnson-Spencer,Yanni,Holsten,82 Condron Street,52688,Canada,+1 299027032,tanholsten@johnson-spencer.ca,Business
CUS157,,Yvonne,Nilsson,Vicolo Borgia 517 Piano 8,10468,Germany,+49 792307695,yvonne.nilsson@hotmail.com,Manufacturer
CUS158,,Aron,Fox,42 Hannah Gap,5521,Australia,+61 928502181,aron.fox@icloud.com,Business
CUS159,"Jacobson, Singleton and King",Bjorn,Jacobson,85 McGill Street,938776,Russia,+7 583278439,bjorn@jacobsonsingletonandking.ru,Business
CUS160,,George,Reis,Piazza Eva 4,45525,Spain,+34 482551617,george.reis@.es,Business
CUS161,,Debra,Wang,078 May Hollow Suite 364,3783-330,Portugal,+351 801430361,debra.wang@hotmail.com,Wholesaler
CUS162,,Sven,Melin,80571 Julia Points,45090,Canada,+1 190875071,sven.melin@yahoo.com,Wholesaler
CUS163,,Elvira,Jdotte,3/8 Textorweg,44688,Germany,+49 991729499,elvira.jdotte@yahoo.com,Logistics Provider
CUS164,Carvajal-Lastra,Santos,Cruz,21046 Wright Way Apt. 595,194-2610,United States,+1 710494143,Sany.cruz@carvajal-lastra.com,Business
CUS165,,Andrea,van den Berg,"Studio 4
Brown lock",91335,Germany,+49 970139250,andrea.van den berg@icloud.com,Manufacturer
CUS166,Jackson Inc,William,Levy,766 .,529234,Russia,+7 457941018,william.levy@jacksoninc.ru,Business
CUS167,Brito,Kerrie,Garcia,Via Cristoforetti 6 Piano 5,7889,Switzerland,+41 860307543,kerrie.garcia@brito.ch,Business
CUS168,,Ashley,Luitgardis van Neustri,"Studio 41
Pollard track",4540060,Japan,+81 658231804,ashley.luitgardis van neustri@hotmail.com,Individual
CUS169,,Charlotte,Ramirez,1 Patel junction,779804,Russia,+7 163443320,charlotte.ramirez@hotmail.com,Retailer
CUS170,,Raul,Wilmont,C. Marino Marino 12,4951-207,Portugal,+351 670059117,Raulport@gmail.com,Wholesaler
CUS171,,Inka,Cook,004 Christine Tunnel,80857,Canada,+1 537536227,inka.cook@outlook.com,Individual
CUS172,,Zach,Kok,"Studio 88
Walters hills",D6Y3,Ireland,+353 215824884,zach.kok@gmail.ie,Business
CUS173,Montanari-Capecchi s.r.l.,Thomas,Alegria,Dolores-Mlichen-Ring 09,5648 PF,Netherlands,+31 637260008,thomas.alegria@montanari-capecchisrl.nl,Business
CUS174,,Fabiana,Johnson,35 Borgo Lando,42467,Italy,+39 492515484,fabiana.johnson@gmail.com,Wholesaler
CUS175,Marshall-Craig,Lukas,Johansson,028 Ann Shore Suite 865,4279 FO,Netherlands,+31 830493989,lukas.johansson@marshall-craig.nl,Business
CUS176,,Rhonda,Peterson,22 rue Guyon,14377,France,+33 700454007,rhonda.peterson@icloud.com,Wholesaler
CUS177,,Todd,Rodd,4 Kirk vista,L6B 1QZ,United Kingdom,+44 301668250,roddzt@gmail.com,Freight Forwarder
CUS178,,Loretta,Svensson,16 Thijnlaan,4124 LO,Netherlands,+31 747949620,loretta.svensson@outlook.com,Individual
CUS179,,Gustav,Millet,"93, boulevard Marthe Maillard",20827,Spain,+34 957603585,gustav.millet@gmail.com,Retailer
CUS180,,Ibrahim,Nicolas,301 Sheppard mountains,13679,United States,+1 726317173,ibrahim.nicolas@.com,Business
CUS181,Burgess PLC,Phoebe,Wohlgemut,7600 Jessica Bridge Suite 830,204-4706,United States,+1 371343969,phoebe.wohlgemut@burgessplc.com,Business
CUS182,Cross Ltd,Stacy,Posada,95939 Sharon Divide,75952,Spain,+34 256990513,stacy.posada@crossltd.es,Business
CUS183,,Peter,Batalla,4 Via Bettina,67399,Italy,+39 935783137,peter.batalla@gmail.com,Manufacturer
CUS184,,Josette,Rodriguez,7887 Melissa Mountain Suite 315,11299,Italy,+39 646006478,josette.rodriguez@yahoo.com,Retailer
CUS185,,Barrie,Hale,0572 Eric Islands,56560,Canada,+1 552945253,halezb@gmail.com,Logistics Provider
CUS186,,Mohamed,Bosio,5215 Smith Fords,69687,Germany,+49 268442539,mohamed.bosio@icloud.com,Logistics Provider
CUS187,Jttner Jacobi Jckel KG,Patrick,Melo,53 Dignan Street,314-2616,United States,+1 739186670,patrick.melo@jttnerjacobijckelkg.com,Business
CUS188,Royal Hendricks,Richard,Gaudin,94 Twohig Street,D8Y4,Ireland,+353 663849289,richard.gaudin@royalhendricks.ie,Business
CUS189,,Eric,de Bont,"Studio 87W
Louis springs",66021,Sweden,+46 589967081,eric.de bont@yahoo.com,Wholesaler
CUS190,,Karen,Wong,7 Miller Right Of Way,6339 DB,Netherlands,+31 658441546,karen.wong@yahoo.com,Wholesaler
CUS191,Fischer,Renata,Giorgetti,583 Angsgatan,83932,Sweden,+46 846650713,renata.giorgetti@fischer.se,Business
CUS192,Nedschroef,George,Vicens,rue Denise Legros,67017,Sweden,+46 402106943,george.vicens@nedschroef.se,Business
CUS193,,Sven,Bevilacqua,Piazza Petrassi 03 Appartamento 06,825082,Russia,+7 204059008,sven.bevilacqua@outlook.com,Freight Forwarder
CUS194,,Arturo,Sanchez,688  Street,2866336,Japan,+81 256654468,arturo.sanchez@gmail.com,Retailer
CUS195,,Fabiana,Boeser,7 Rebecca squares,F1G 0GB,United Kingdom,+44 448910153,fabiana.boeser@gmail.com,Wholesaler
CUS196,Lee Inc,Debra,Clarke,55 Hornigplatz,65985,Germany,+49 795199531,debra.clarke@leeinc.de,Business
CUS197,Murray and Sons,Amanda,Giacometti,8/0 Grazyna-Kensy-Strae,58031,Germany,+49 340217838,amanda.giacometti@murrayandsons.de,Business
CUS198,,Craig,Johnson,99305 Moon Crescent,18868,Canada,+1 901342480,craig.johnson@hotmail.com,Individual
CUS199,,Joao,Leonardi,035 Wright fall,L3O 5QM,United Kingdom,+44 421810398,joao.leonardi@gmail.com,Retailer
CUS200,,Angela,Maury,4/8 Barthstr.,22505,Germany,+49 785018894,angela.maury@yahoo.com,Retailer
CUS201,,Marcus,Delattre,46 Taylor Street,D8X3,Ireland,+353 165287979,marcus.delattre@hotmail.com,Wholesaler
CUS202,,Jorgen,Jones,8877 Kenneth Run,570-8683,United States,+1 491572954,jorgen.jones@icloud.com,Logistics Provider
CUS203,Jara and Sons,Fionntan,McKenna,"Studio 17x
Paula stream",620748,Russia,+7 726169430,fionntan.mckenna@jaraandsons.ru,Business
CUS204,,Melissa,Bates,95 Via Florencio Aguilera,91586,Spain,+34 116760267,melissa.bates@.es,Business
CUS205,Krueger-Smith,Victoria,Campbell,14 Emma causeway,S0R 0LL,United Kingdom,+44 988692311,campbell_v@krueger-smith.uk,Business
CUS206,Hunt-Crawford,Mohammad,He,Valentin-Schinagl-Ring 2,8824,Austria,+43 561325714,mohammad.he@hunt-crawford.at,Business
CUS207,Hart and Sons,Ayesha,Hansson,Callejn Carolina Rios 42,41569,France,+33 815822674,ayesha.hansson@hartandsons.fr,Business
CUS208,Igoe-Ridge,Shawn,Lynch,"Level 7
 7 Jackson Hill",8209 FE,Netherlands,+31 634103846,shawn.lynch@igoe-ridge.nl,Business
CUS209,,Janice,Torres,10 Melville Street,5844,Australia,+61 390634740,janice.torres@.au,Business
CUS210,Mann Inc,Purificacin,Oosterhout,336  Street,9340496,Japan,+81 128147134,purificacin.oosterhout@manninc.jp,Business
CUS211,,Laure,Todd,700 Smith Pines Suite 840,46918,France,+33 935671682,laure.todd@outlook.com,Freight Forwarder
CUS212,,Freya,Ros,18233 Ochoa Grove,9008884,Japan,+81 783790360,freya.ros@hotmail.com,Logistics Provider
CUS213,,Alexandra,Coughlan,3 Pasaje Liliana Marmol,21164,Spain,+34 741186951,alexandra.coughlan@yahoo.com,Logistics Provider
CUS214,,Cortney,Oconnor,76 Payne Chase,D2W1,Ireland,+353 917506918,cortney.oconnor@gmail.com,Individual
CUS215,,Birger,Smith,Viale Rosina 59,19114,Italy,+39 465893903,birger.smith@hotmail.com,Freight Forwarder
CUS216,,Ulla,Barbosa,110 Lore-Hermann-Weg,17922,Germany,+49 450502920,ulla.barbosa@hotmail.com,Wholesaler
CUS217,Colin SARL,Gabrielle,Gustafsson,92614 Anne Port,4926,Switzerland,+41 620123866,gabrielle.gustafsson@colinsarl.ch,Business
CUS218,"Fry, Davey and Davidson",Mary,McCarthy,"Av de Barbosa, 23",36582,Spain,+34 313096421,mary.mccarthy@frydaveyanddavidson.es,Business
CUS219,"McNaboe, MacWilliams and Bruen",Maurice,Lindberg,"Studio 7
Susan plaza",1148,Switzerland,+41 854837746,maurice.lindberg@mcnaboemacwilliamsandbruen.ch,Business
CUS220,Frazier Ltd,Remigio,Lesage,"97, boulevard de Marques",28778,France,+33 902093774,remigio.lesage@frazierltd.fr,Business
CUS221,,Robert,Moore,655 George avenue,18327,Italy,+39 196695944,robert.moore@hotmail.com,Logistics Provider
CUS222,,Sherry,van Ghoerle,"Avenida de Branco, S/N",80939,Germany,+49 846143969,sherry.van ghoerle@icloud.com,Logistics Provider
CUS223,,Christian,Crawford,01581 Shields Bridge Suite 661,D1X7,Ireland,+353 967098359,christian.crawford@gmail.com,Freight Forwarder
CUS224,Pereira Neto S.A.,Jack,Ruppersberger,346 Jill branch,Y4G 6HU,United Kingdom,+44 795923587,jack.ruppersberger@pereiranetosa.uk,Business
CUS225,,Kerstin,Wolters,"Unit 79
 3 Rodriguez Gardens",272335,Russia,+7 433460601,kerstin.wolters@yahoo.com,Individual
CUS226,,Maria,Verdier,593 .,718402,Russia,+7 213000146,maria.verdier@hotmail.com,Manufacturer
CUS227,"Valentine, Harris and Edwards",Ingrid,Carreras,"84, rue de Germain",411316,Russia,+7 690769891,ingrid.carreras@valentineharrisandedwards.ru,Business
CUS228,Carnera-Zarlino e figli,Nicholas,Carlier,Viale Isabella 741,2843 ZZ,Netherlands,+31 553286909,nicholas.carlier@carnera-zarlinoefigli.nl,Business
CUS229,Faria,Robert,Morley,"76, avenue Joseph",82621,Sweden,+46 564747452,robert.morley@faria.se,Business
CUS230,"Hunter, Knapp and Holt",Catherine,Piccio,89 Delap Street,86694,Canada,+1 617843106,catherine.piccio@hunterknappandholt.ca,Business
CUS231,,Rosie,Willems van Lier,909 Rasmussen Isle,1938,Austria,+43 355642998,rosie.willems van lier@icloud.com,Manufacturer
CUS232,Dubois SA,Thomas,Daniels,94 Douglas lane,F5T 7ZA,United Kingdom,+44 613972964,thomas.daniels@duboissa.uk,Business
CUS233,,Andr,van Rijthoven,Miroslaw-Noack-Ring 26,50963,Germany,+49 512833566,andr.van rijthoven@.de,Business
CUS234," ,   ",Stanley,Martin,66 Smith Street,6058,Australia,+61 661797762,stanley.martin@.au,Business
CUS235,Gori e figli,Cheyenne,Lynn,32 Boyce Street,D3W4,Ireland,+353 900606102,chey.lynn@goriefigli.ie,Business
CUS236,,Fenne,Fallaci,rue Alexandria Riou,30490,France,+33 650630250,fenne.fallaci@gmail.com,Retailer
CUS237,,Pual,Young,Schenkstr. 0/6,81823,France,+33 700891862,youungz@gmail.com,Wholesaler
CUS238,Petersson & Karlsson HB,Sara,Cozar,809  Street,5357668,Japan,+81 467640855,sara.cozar@peterssonandkarlssonhb.jp,Business
CUS239,Henck GmbH,Ellie,Macdonald,52866 Bailey Manors,69053,Italy,+39 906669192,ellie.macdonald@henckgmbh.it,Business
CUS240,Karlsson & Strand AB,Frank,Leite,58 Leeney Street,D7Y5,Ireland,+353 467140601,frank.leite@karlssonandstrandab.ie,Business
CUS241,Anders Neuschfer AG & Co. KG,Donatella,Collier,8876 Perry Ville,2488,Australia,+61 500268413,donatella.collier@andersneuschferag&cokg.au,Business
CUS242,Rosenow AG,Stig,Carvalho,"190, rue de Guibert",78092,France,+33 922941576,stig.carvalho@rosenowag.fr,Business
CUS243,,Francisca,Roberts,"8 /
 1 Joseph Rest",1064-342,Portugal,+351 245829036,francisca.roberts@outlook.com,Freight Forwarder
CUS244,Samson et Fils,Zoe,Holmes,476 Teuflweg,9396,Austria,+43 879591422,zoe.holmes@samsonetfils.at,Business
CUS245,Saavedra Inc,Shannon,Bailey,95962 Kristen Via,27625,United States,+1 971026523,shannon.bailey@saavedrainc.com,Business
CUS246,,Nicole,Gherkins,443 Brandon Ports Suite 205,9324-401,Portugal,+351 645584318,gherksn@gmail.com,Business
CUS247,Drumm and Sons,Mason,Taylor,"Rua de Soares, 37",7505,Australia,+61 520702898,mason.taylor@drummandsons.au,Business
CUS248,,Nadine,Phillips,"Studio 89z
Thomas pass",I0 6GO,United Kingdom,+44 400286095,nadine.phillils@gmail.com,Manufacturer
CUS249,Coles Group,Heather,Palma,728  Street,5846595,Japan,+81 504797867,heather.palma@colesgroup.jp,Business
CUS250,,Jacques,de Beer,4 Kyrkgrand,67044,Sweden,+46 628718640,jacques.de beer@gmail.com,Individual
CUS251,,Benjamin,Garcia,"Flat 1
Chloe motorway",S3 4GL,United Kingdom,+44 572053293,benjamin.garcia@icloud.com,Freight Forwarder
CUS252,Khler OHG mbH,Clarence,Ward,643 Rios Tor,D4Y2,Ireland,+353 320146004,clarence.ward@khlerohgmbh.ie,Business
CUS253,Buchholz Eigenwillig KG,Alexander,Brugnaro,0 Leonard-Biedermann-Gasse,5434,Austria,+43 989104670,alexander.brugnaro@buchholzeigenwilligkg.at,Business
CUS254,,Edmundo,Brady,"Flat 3
Archer valley",E5N 3P7,Canada,+1 115585154,edmundo.brady@gmail.com,Retailer
CUS255,Rodrigues Soares S.A.,Kiara,Wernecke,968 Kevin Summit,S2T 2J3,Canada,+1 658947280,kiara.wernecke@rodriguessoaressa.ca,Business