RECIPIENT_ID,FIRST_NAME,LAST_NAME,PHONE,EMAIL,ADDRESS,CITY,STATE_PROVINCE,POSTAL_CODE,COUNTRY
REC001,Celine,Heskin,3.30414E+11,celine.heskin@clark-davis.com,3413 Nelson Point,Port Jared,,N7G8Y1,Canada
REC002,Martin,Kostolzin,9663325259,martin.kostolzin@gaspar.net,93 Alameda Ribeiro,Esmoriz,,7907-493,Portugal
REC003,Karen,Larsson,41839448662,karen.larsson@kaulauchschlauchingbr.ch,"Avenida Fernando Valle, S/N",Appenzell Ausserrhoden,,1289,Switzerland
REC004,Sheila,Hutchinson,3.93879E+12,sheila.hutchinson@ao.edu,31 .,Moscow,,310267,Russia
REC005,Tracie,Giannini,43513742471,tracie.giannini@hotmail.com,847 Sam-Schindler-Gasse,Purkersdorf,Burgenland,4555,Austria
REC006,Magnus,Janse,33459176058,magnus.janse@rubbenanddriessen.fr,327 Nelson Route,Saint ThierryVille,,62066,France
REC007,John,Newman,33782721274,john.newman@giacconispa.fr,26 boulevard de Dupuy,Monnier,,67283,France
REC008,Albertine,Bjorn,43708206721,albertine.bjorn@gmail.com,79252 Ayala Ports Apt. 380,Frohnleiten,Salzburg,3790,Austria
REC009,Callum,Vergo,34926358920,callum.v@callahanandsons.es,Piazza Sabatino 62,Cadiz,Soria,96127,Spain
REC010,Larissa,Scuylenborchs,31916671179,larissa.scuylenborchs@daviesinc.nl,Strada Magrassi 27 Appartamento 48,Nieuw-Amsterdam,,3158 YF,Netherlands
REC011,Donatella,Andersson,13539085878,donatella.andersson@jonker.info,8 Rubenhof,Winschoten,,8160 BZ,Netherlands
REC012,Harold,Horne,31729863365,harold.horne@bohlandergbr.nl,635 Helen stravenue,Kekerdom,,9081 RF,Netherlands
REC013,Jaylinn,Payne,34918522059,jaylinn.payne@hendersonlewisandryan.es,C. de Hilda Perea 88,Zamora,Lugo,56388,Spain
REC014,David,Walker,41615419206,david.walker@lefebvre.ch,Piazza Benedetto 0,Freiburg,,1155,Switzerland
REC015,Stanley,Dixon,1266372474,stanley.dixon@yahoo.com,chemin de Mathieu,Dianebury,Nebraska,552-2167,United States
REC016,Monique,Walls,43714133212,monique.walls@outlook.com,411 Grostr.,Gleisdorf,Niederosterreich,8209,Austria
REC017,Tiziano,Clenaghan,41515319694,tiziano.clenaghan@davison-jones.ch,8 Joanne cliff,Appenzell Ausserrhoden,,8531,Switzerland
REC018,Johannes,Bonbach,61433824893,johannes.bonbach@ip.biz,369 .,Moscow,,459863,Russia
REC019,Rolys,Jones,9098790096,Rl.jones@ao.ru,3/1 .,St.Petersburg,,622656,Russia
REC020,Xavi,Lewis,39717126364,xavi.lewis@gmail.com,"Flat 2
Metcalfe loaf",Simeoni terme,Carbonia-Iglesias,95919,Italy
REC021,Harris,Landers,1392776662,Harris.landers@hotmail.com,Avenida de Carolina Saura 6 Apt. 49,West Dianatown,Oregon,39391,United States
REC022,Charlie,Coholan,1100523377,charlie.coholan@outlook.com,Calle de Aureliano Tapia 182,Ericmouth,,67063,Canada
REC023,Francesco,Burcardo,5.87698E+12,francesco.burcardo@rensa.com,55 Majapad,Gouderak,,6421 HQ,Netherlands
REC024,Eugene,Leroy,76064096505,eugene.leroy@gmeiner.at,8 Simon-Hebenstreit-Weg,Leibnitz,Burgenland,5690,Austria
REC025,Marcelo,Saragat,3.53375E+11,marcelo.saragat@hotmail.com,Piazza Roman 9 Appartamento 18,Lorna Ville,,D3W2,Ireland
REC026,Ignacio,Guillou,41998301457,ignacio.guillou@anderson-bailey.ch,542 Bass Tor,Genf,,2429,Switzerland
REC027,Josh,ngel,43336029891,josh.ngel@outlook.com,Via de Selena Caizares 21,Freistadt,Karnten,9206,Austria
REC028,Eutropio,Troupe,44975307413,eutropio.trope@gmail.co.uk,"Studio 69
Andrea circle",Gregoryville,,V4D 3CV,United Kingdom
REC029,Rosalia,songs,44862284077,rosalia.song@bertrand.co.uk,"Studio 37
Ferguson walk",Kathrynbury,,Q6N 5RV,United Kingdom
REC030,Yinthe,Evans,33137690982,yinthe.evans@crawford.com.au,27 Samantha Anchorage,South Meganfort,Northern Territory,5500,Australia
REC031,Emma,de Beer,562090399,emma.de beer@diaz.com,87 rue Margot Cohen,Petitjean-les-Bains,,60660,France
REC032,Rodrigo,Bruscantini,34737288110,rodrigo.bruscantini@michel.com,152 avenue Patrick Collet,Grondinnec,,73657,France
REC033,Pancho,Lysaght,61669383239,pancho.lysaght@garobbiospa.au,54 Ricky keys,Port Cherylburgh,Northern Territory,5733,Australia
REC034,Andrew,Allard,49307966366,andrew.allard@leroy.de,"6, avenue Gallet",Gerolzhofen,Mecklenburg-Vorpommern,59075,Germany
REC035,Dina,Hamilton,33774391854,dina.hamilton@yahoo.com,9816 Jonathan Station Suite 088,Bonnetboeuf,,14773,France
REC036,Joyce,Fouquet,3.51837E+11,joyce.fouquet@mclaughlingonzalezandreynolds.pt,34 Praca Cruz,Guarda,,2578-134,Portugal
REC037,Sharon,Reds,3.30419E+11,sharon.r@innocenti-praga.com,105 Canale Regge,Annibale laziale,Rovigo,50170,Italy
REC038,Laetitia,Lucey,31199584484,laetitia.lucey@outlook.com,753 Aliweg,Nieuweschoot,,1203 TU,Netherlands
REC039,Jamie,Vergara,46208556179,jamie.vergara@gmail.com,3872 Justin Shore Suite 134,Sundsvall,Vastra Gotalands lan,59369,Sweden
REC040,Jessica,Garcia,43844322185,jessica.garcia@outlook.com,70 Jennifer Centre,Hardegg,Niederosterreich,9971,Austria
REC041,Therese,Espejo,3.30285E+11,therese.espejo@tyler.net,1889 Jeffrey Throughway,Hallberg,North Dakota,51316,United States
REC042,Hanns,Shaughnessy,33701978830,hanns.shaughnessy@anjos.fr,72788 Dodson Mills,De Sousa,,31773,France
REC043,Cheyenne,Ball,34611247529,cheyenne.ball@roldansalmernandcuenca.es,"Travessa de Tefilo Braga, 5",Albacete,Baleares,76365,Spain
REC044,Ty,Fontaine,44835918935,ty.fontaine@gmail.com,7 Mohammed forest,Edwardchester,,Q5S 0QZ,United Kingdom
REC045,Benjamin,Morse,34171585509,benjamin.morse@hotmail.com,83 Callejon de Abril Ayllon,Cordoba,Toledo,97665,Spain
REC046,Amlie,Stein,61815339791,amlie.stein@outlook.com,670 Burns loaf,New Carla,Queensland,5530,Australia
REC047,Jacob,Gilbert,61677416102,jacob.gilbert@gmail.com,"444 /
 283 Linda Roadway",Carolynland,Queensland,9959,Australia
REC048,Ashley,Charles,34804107842,ashley.charles@filippini.it,8 Incrocio Lodovico,Sesto Gianpaolo,Taranto,46465,Italy
REC049,Annetta,Silva,33846197236,annetta.silva@yahoo.com,3 chemin Alves,Saint TristanVille,,66502,France
REC050,Dennis,Pertini,1548352604,dennis.pertini@outlook.com,561 Melissa Cape,Jefferyberg,,L2S8L1,Canada
REC051,Rembrandt,Guibert,8069996143,rembrandt.guibert@brannelly.net,46 Colreavy Street,Susanna Ville,,D2W5,Ireland
REC052,Isabella,Batista,43351410002,isabella.batista@outlook.com,225 Wurzerstrae,Murzzuschlag,Wien,6539,Austria
REC053,Sander,Bonet,11172435052,sander.bonet@pammer.net,75 Clarissa-Rauter-Weg,Pregarten,Karnten,2433,Austria
REC054,Randy,Greehy,49223602361,randy.greehy@outlook.com,314 Laura Port,Saarbrucken,Sachsen,44675,Germany
REC055,Jose,applebee,1158899342,jose_bees@outlook.com,"Studio 55C
Barnes flats",Edwardsbury,,G9S5H9,Canada
REC056,Philippine,Poland,3.51855E+11,philippine.poland@hotmail.com,"Travessa dos Navegadores, 2",Vila Nova de Foz Coa,,1888-974,Portugal
REC057,Gustavo,Melo,1297177766,gustavo.melo@outlook.com,Camino de Emilia Pinilla 80,South Denise,,H6V5J6,Canada
REC058,Karl-Hermann,Kinnon,43883583225,karl-hermann.kinnon@alonzitraettaefedericospa.at,6 Peters Estate,Rust,Wien,1290,Austria
REC059,Graziella,Alvarez,1168400934,graziella.alvarez@yahoo.com,415 White Locks,Crawfordtown,,M9P 9V6,Canada
REC062,Elias,Porter,3.51131E+11,elias.porter@icloud.com,37 Largo das Pedras,Sacavem,,6809-664,Portugal
REC198,Yaktu,Dupuy,4.40116E+12,Yakt.dupuy@npo.net,74 .,St.Petersburg,,534804,Russia
REC199,Julie,Vanvitelli,7191783846,julie.vanvitelli@alcazar.com,63 Alameda Damian Badia,Valencia,Las Palmas,21665,Spain
REC200,Victoria,Campbell,44988692311,campbell_v@krueger-smith.uk,14 Emma causeway,North Garry,,S0R 0LL,United Kingdom
REC201,Mohammad,He,43561325714,mohammad.he@hunt-crawford.at,Valentin-Schinagl-Ring 2,Voitsberg,Wien,8824,Austria
REC202,Edward,Tyme,4.60847E+11,edward.tyme@lagarde.com,1 rue Ledoux,Saint Denisenec,,80379,France
REC203,Michael,Skinner,4.90522E+11,michael.skinner@kruidvatvan.com,90 Amysteeg,Beek en Donk,,2116 GU,Netherlands
REC204,Ruth,Axelsson,33174225682,ruth.axelsson@salazar.com.au,249 Tyler Stairs,Tranville,Tasmania,2726,Australia
REC206,Laure,Todd,33935671682,laure.todd@outlook.com,700 Smith Pines Suite 840,Olivier-sur-Royer,,46918,France
REC208,Alexandra,Coughlan,34741186951,alexandra.coughlan@yahoo.com,3 Pasaje Liliana Marmol,Malaga,Soria,21164,Spain
REC209,Cortney,Oconnor,3.53918E+11,cortney.oconnor@gmail.com,76 Payne Chase,Scott Ville,,D2W1,Ireland
REC210,Debora,Leal,4.40163E+12,debora.leal@manunta.it,2 Viale Marazzi,Meucci del friuli,Verbano-Cusio-Ossola,42131,Italy
REC211,Ulla,Barbosa,49450502920,ulla.barbosa@hotmail.com,110 Lore-Hermann-Weg,Lubz,Baden-Wurttemberg,17922,Germany
REC212,Gabrielle,Gustafsson,41620123866,gabrielle.gustafsson@colinsarl.ch,92614 Anne Port,Jura,,4926,Switzerland
REC213,Mary,McCarthy,34313096421,mary.mccarthy@frydaveyanddavidson.es,"Av de Barbosa, 23",Cantabria,Cantabria,36582,Spain
REC214,Joan,van Mare,526135414,joan.van mare@aebi.org,90 Thommenstrasse,Nidwalden,,5240,Switzerland
REC215,Remigio,Lesage,33902093774,remigio.lesage@frazierltd.fr,"97, boulevard de Marques",Sainte Michelle,,28778,France
REC216,Robert,Moore,39196695944,robert.moore@hotmail.com,655 George avenue,Borgo Mauro,Cosenza,18327,Italy
REC217,Barbara,elis,72003563,barbara.elis@foerster.de,158 Henner-Muhle-Allee,Sommerda,Rheinland-Pfalz,57193,Germany
REC218,Camila,Sanders,81142085963,camila.sanders@coll.com,60 Silke Street,Conal Ville,,D0Y6,Ireland
REC219,Jack,Ruppersberger,44795923587,jack.ruppersberger@pereiranetosa.uk,346 Jill branch,East Kevin,,Y4G 6HU,United Kingdom
REC220,Britt,Morales,46094544215,britt.morales@ao.info,84 .,Moscow,,783188,Russia
REC221,Vlad,Marty,843380117,Vld.marty@zao.info,53 .,Moscow,,166010,Russia
REC222,Maurice,Trommler,8005001478,maurice.trommler@gushchin.net,2 .,St.Petersburg,,509018,Russia
REC223,Nicholas,Carlier,31553286909,nicholas.carlier@carnera-zarlinoefigli.nl,Viale Isabella 741,Gameren,,2843 ZZ,Netherlands
REC224,Russell,Clayton,3.99887E+12,russell.clayton@sjoberg.se,587 Genstigen,Vaxjo,Skane lan,11613,Sweden
REC225,Catherine,Piccio,1617843106,catherine.piccio@hunterknappandholt.ca,89 Delap Street,Youngport,,86694,Canada
REC226,Alina,Monduzzi,254227587,alina.monduzzi@weninger.com,636 Steinerring,Feldbach,Oberosterreich,3861,Austria
REC227,Thomas,Daniels,44613972964,thomas.daniels@duboissa.uk,94 Douglas lane,West Adrian,,F5T 7ZA,United Kingdom
REC228,Destiny,Leddon,3.91457E+12,destiny.leddon@rudolph.net,6 Filiz-Metz-Ring,Wunsiedel,Brandenburg,92295,Germany
REC229,Madeleine,Thompson,5254055851,madeleine.thompson@pope-lloyd.org.au,772 Carmen Right Of Way,St. Joshua,Tasmania,9699,Australia
REC230,Cheyenne,Lynn,3.53901E+11,chey.lynn@goriefigli.ie,32 Boyce Street,Yasmin Ville,,D3W4,Ireland
REC231,Christopher,Meyers,9.28652E+12,christopher.meyers@thomas.com,30 rue Carre,Alexandre,,65536,France
REC232,Pual,Young,33700891862,youungz@gmail.com,Schenkstr. 0/6,Coste,,81823,France
REC234,Bruce,Callegari,79343438111,bruce.callegari@druso.it,39 Piazza Annetta,Disdero umbro,Benevento,31183,Italy
REC235,Donna,Sarabia,2.98727E+12,donna.sarabia@macallen.com,03 Nalty Street,Henry Ville,,D8W3,Ireland
REC236,Shane,Barbosa,1.16945E+13,shane.barbosa@cain.net.au,77 Morgan Dale,Adamsside,Victoria,3620,Australia
REC237,Stig,Carvalho,33922941576,stig.carvalho@rosenowag.fr,"190, rue de Guibert",Saint Michel,,78092,France
REC238,Francisca,Roberts,3.51246E+11,francisca.roberts@outlook.com,"8 /
 1 Joseph Rest",Oliveira do Hospital,,1064-342,Portugal
REC239,Zoe,Holmes,43879591422,zoe.holmes@samsonetfils.at,476 Teuflweg,Mureck,Oberosterreich,9396,Austria
REC240,Aitor,Mancini,3.10522E+11,aitor.mancini@anderson.com,479 Joseph Oval,Solisberg,Georgia,523-5350,United States
REC241,Nicole,Gherkins,3.51646E+11,gherksn@gmail.com,443 Brandon Ports Suite 205,Serpa,,9324-401,Portugal
REC242,Emiliana,Watts,63768342,emiliana.watts@hall.com,895 Parrish Reserve,North Zacharystad,Tasmania,9803,Australia
REC243,Nadine,Phillips,44400286095,nadine.phillils@gmail.com,"Studio 89z
Thomas pass",Duncanville,,I0 6GO,United Kingdom
REC245,Roger,Silva,44292018419,roger.silva@johansson.org,36 Backtorget,Vaxjo,Blekinge lan,52638,Sweden
REC246,Benjamin,Garcia,44572053293,benjamin.garcia@icloud.com,"Flat 1
Chloe motorway",West Brandonchester,,S3 4GL,United Kingdom
REC247,Gaspare,Lee,6215968683,gaspare.lee@mcquade.info,52 Raney Street,Charlie Ville,,D6Y7,Ireland
REC248,Alexander,Brugnaro,43989104670,alexander.brugnaro@buchholzeigenwilligkg.at,0 Leonard-Biedermann-Gasse,Sankt Valentin,Steiermark,5434,Austria
REC249,Edmundo,Brady,1115585154,edmundo.brady@gmail.com,"Flat 3
Archer valley",Watsonton,,E5N 3P7,Canada
REC250,Josh,Palomo,80277912571,josh.palomo@foster.com,4160 Johnson Inlet,Benjaminfurt,,H9M 6H1,Canada
REC063,Melissa,Barros,1.66842E+13,melissa.barros@soboleva.biz,8 .,Moscow,,323559,Russia
REC064,Stef,Leahy,34945033635,stef.leahy@carrig-briody.org,22 Conlon Street,Carolyn Ville,,D3X9,Ireland
REC065,Charlotte,Sims,4.90147E+12,charlotte.sims@hill.info,07744 Jennifer Stream,New Veronica,Indiana,18904,United States
REC066,Serena,Wilson,61613042892,serena.wilson@icloud.com,38 Knox Strand,Kendraside,Tasmania,1645,Australia
REC067,Aria,Uria,33761945075,Aria.uria@gmail.com,1232 Eric Lodge,Rollandboeuf,,80577,France
REC068,Alexandre,Taboada,1.60385E+13,alexandre.taboada@fuchs.co.at,8/4 Lino-Jovanovic-Ring,Grieskirchen,Steiermark,7909,Austria
REC069,Per,Allen,39222735778,per.allen@gmail.com,Incrocio Damiano 3 Appartamento 42,Quarto Antonia,Lecco,83100,Italy
REC070,Cornelis,Bianchini,1527095952,cornelis.bianchini@martuccigroup.com,74648 Kim Rapid Apt. 659,Amandamouth,Wyoming,33317,United States
REC071,Mark,Schmiedecke,4689839,mark.schmiedecke@knight.com,605 Hargreaves islands,Hazelburgh,,ML9V 3JJ,United Kingdom
REC072,Kerstin,Gilbert,4.40307E+12,kerstin.gilbert@ooo.org,5/1 .,Moscow,,518941,Russia
REC073,Arne,Mache,49759200524,arne.che@icloud.com,277 Reni-Lehmann-Strae,Freudenstadt,Baden-Wurttemberg,36627,Germany
REC074,Katherine,Lindholm,3.53883E+11,katherine.lindholm@outlook.com,Jovan-Rohleder-Platz 7,Micheala Ville,,D4X3,Ireland
REC075,Raisa,Tintzmann,1795059779,raisa.tintzmann@bergmansderlundab.ca,14508 Tiffany Skyway,Sloanport,,60983,Canada
REC076,Allison,Ammaniti,39498999011,allison.ammaniti@gmail.com,"94, chemin de Legros",Adelasia laziale,Benevento,39706,Italy
REC077,Valdemar,Andersson,46043260486,valdemar.andersson@flores.info,6737 Aguilar Wells,Lake Katiemouth,Iowa,57948,United States
REC078,Poncio,Peck,46146269139,poncio.peck@gmail.com,58 / 04 Monroe Riverway,Landskrona,Sodermanlands lan,84886,Sweden
REC079,Margaux,Jones,34453097488,margaux.jones@hotmail.com,Callejon Luciana Espana 41 Piso 3,Ceuta,Ciudad,77574,Spain
REC080,Nadia,Joly,34523202250,nadia.joly@pisarabiaandmontserrat.es,98 Ronda Gisela Ibarra,Guipuzcoa,Guadalajara,95413,Spain
REC081,Andrea,Ross,8.15374E+13,andrea.ross@hoefig.de,7/8 Langeallee,Stade,Bayern,67924,Germany
REC082,Martin,Darcy,39907628537,martin.darcy@icloud.com,028 Viale Deledda,Gioffre calabro,Cuneo,51957,Italy
REC083,Angs,Engstrom,9292971650,a.engstrom@emex.info,3 .,Moscow,,829786,Russia
REC084,Janice,Perkins,678998470,janice.perkins@anjos.com,S/N Travessa Laura Barros,Oliveira de Azemeis,,8136-706,Portugal
REC085,Rebecca,Carville,39394655453,rebecca.carville@barba-marcos.it,753 Contrada Benussi,Florio lido,Pescara,23992,Italy
REC086,Richard,Youth,2308900276,youth.b@gardner.biz,3140 Cindy Canyon,Anthonyfurt,Alaska,95726,United States
REC088,Mariano,Wagner,34622691944,mariano.wagner@oao.net,2 .,Moscow,,934541,Russia
REC089,Andrew,Persson,31325618388,andrew.persson@yahoo.com,"Av de Paiva, 809",Herwijnen,,2353 JY,Netherlands
REC090,Tristan,Williams,15985414913,tristan.williams@buckley.biz,882 Willis ranch,Perryshire,,515219,United Kingdom
REC092,Emilie,Blunt,15834628663,emilie.b@geisel.com,7 Jacobi Jackelgasse,Bogen,Berlin,31104,Germany
REC093,Susanne,Ballard,3.53311E+11,susanne.ballard@-.ie,17 Conry Street,Antoin Ville,,D9W3,Ireland
REC095,Sean,Paiva,44635730051,sean.paiva@santos.co.uk,148 Shaw greens,East Aimee,,S3S 8YD,United Kingdom
REC096,Amlia,Svensson,33502707307,amlia.svensson@balla-paganiniefigli.fr,"3 /
 15 Brown Foreshore",Jacques,,14740,France
REC097,Charles,Pinho,61963595387,charles.pinho@gmail.com,"Flat 3
Adam turnpike",Port Karenside,South Australia,3685,Australia
REC098,Nazario,Peterse,43508521766,nazario.peterse@buchananandsons.at,"Rua Lus Jesus, 1",Kindberg,Vorarlberg,2953,Austria
REC099,Elif,Rough,33541437035,elif.r@thurner.net,14 Frida-Putz-Platz,Feldbach,Niederosterreich,3326,Austria
REC100,Kristy,Holohan,34268811646,kristy.holohan@macneelabiestyandgalvin.es,5 Pasaje Nestor Parra,Ourense,Castellon,86371,Spain
REC101,Salvi,Norry,3.53277E+11,salvi.norry@palmer-rodriguez.ie,0 Ellis Artery,Joel Ville,,D1X2,Ireland
REC102,Benjamn,stlund,41426855055,benjamn.stlund@icloud.com,"Avenida de Paiva Couceiro, 271",Zurich,,1840,Switzerland
REC103,Fraks,Campbell,1134960720,frak.campbell@ooo.org,2,Moscow,,355325,Russia
REC104,Moreno,Marti,3.5128E+11,moreno.marti@farina.it,55 Via Filippo,San Elisa salentino,Modena,19273,Italy
REC105,Frederick,Cox,8076386366,frederick.cox@aherne.biz,97 Belton Street,Sarah-Louise Ville,,D4X7,Ireland
REC106,Diogo,Caboto,41144710882,diogo.caboto@yahoo.com,"Flat 52
 0 Santiago Mall",Waadt,,3294,Switzerland
REC107,Joshua,Griffin,34128944130,joshua.griffin@hotmail.com,Vicolo Donatella 3,Zaragoza,Valencia,75917,Spain
REC108,Gianfranco,Persson,41714670545,gianfranco.persson@hotmail.com,514 Lindsay Vista Apt. 940,Luzern,,5883,Switzerland
REC109,Adelasia,Pizzo,486634391,adelasia.pizzo@hughes.info,6649 Parrish Ports,South Theresa,Massachusetts,35906,United States
REC110,Martin,Paoletti,39775750815,martin.paoletti@yahoo.com,5 Strada Cagnotto,Petrocelli a mare,Chieti,98514,Italy
REC111,Jasmine,Moreno,84168521820,jasmine.moreno@frost-newman.co.uk,3 George plains,South Meganfort,,2929,United Kingdom
REC112,Linnea,Frazier,84938139055,linnea.frazier@wirz.com,6 Wyssstrasse,Basel-Landschaft,,7318,Switzerland
REC113,Russo,Ford,13869630871,oso.ford@ooo.info,9/5 .,St.Petersburg,,513571,Russia
REC114,Jose,Arino,33948346474,jose.arino@assuno.fr,60 Cosgrove Street,Valettenec,,12268,France
REC115,Odette,Campos,3.97508E+12,odette.campos@hauser.com,358 Martinstrasse,Appenzell Ausserrhoden,,3013,Switzerland
REC116,Ties,Richard,43382645487,ties.richard@gmail.com,9681 Harrell Summit,Imst,Steiermark,1577,Austria
REC118,Gunnar,Gray,1407482422,gunnar.gray@icloud.com,73516 Sara Villages,Dawnside,,23719,Canada
REC119,Catherine,Baptista,3.91337E+13,catherine.baptista@taylor.org,611 Yu Break,Meganfort,Tasmania,4632,Australia
REC120,Joel,Hunter,46382474980,joel12hunter@gmail.com,9 Furuvagen,Lulea,Varmlands lan,13210,Sweden
REC121,Greg,Phillips,49942403767,fesasa.phillips@outlook.com,9/8 Walburga-Otto-Gasse,Rockenhausen,Hessen,70548,Germany
REC122,Bruce,Ryans,371639945,b.ryans@smith.com,381 Warner Crescent,New Crystalstad,,S8A 8P9,Canada
REC123,Wood,Stevens,44785572719,Woods.steve@gmail.com,"Studio 30V
Wall landing",West Alexandertown,,W3M 5BM,United Kingdom
REC124,Zbigniew,Briganto,46919949988,zbigniew093@yahoo.com,4205 Anthony Valleys Suite 078,Landskrona,Jamtlands lan,35588,Sweden
REC125,Sabrina,Thatcher,3.51503E+11,sabrina.thatcher@icloud.com,"Travessa Bento Martins, 3",Marco de Canaveses,,2944-321,Portugal
REC126,Morena,Moya,39350996094,morena.moya@gmail.com,Canale Germana 85,Quarto Ilaria,Rieti,57480,Italy
REC127,Gustavo,Steinberg,1314960324,gustavo.steinberg@oao.org,26 .,St.Petersburg,,183101,Russia
REC128,Nicola,Werner,79392836229,nicola.werner@odaly.info,26 McNally Street,Shauna Ville,,D4W9,Ireland
REC129,Carolyn,Moles,82568927204,carolyn.moles@gautier.com,23 chemin de Poirier,Lecomte,,92605,France
REC130,Norah,Hernandez,16047143231,norah.hernandez@zingg-zingg.com,586 Bauerstrasse,Tessin,,8787,Switzerland
REC131,Geraldine,Smith,8847625221,geraldine.smith@labbe.org,56 avenue Lemaitre,Fontaine,,72100,France
REC132,Dylan,Nguyen,46548262983,dylan.nguyen@hotmail.com,Margitta-Mentzel-Ring 606,Motala,Vastra Gotalands lan,78191,Sweden
REC134,Luciano,Bell,1595789301,luciano.bell@booth-khan.com,"9 /
 104 Mary Retreat",Owensland,Montana,95821,United States
REC135,Olalla,Gallet,41451688679,olalla.gallet@yahoo.com,37 Lanzstrasse,Glarus,,1262,Switzerland
REC136,Harry,Chartier,22460759,harry.chartier@thomas.com,054 Chapman fork,Daviesport,,3028YR,United Kingdom
REC137,Kim,Micheletti,44193080008,kim.micheletti@gmail.com,7 Jane streets,North Dianefurt,,I1 4XN,United Kingdom
REC138,Josette,Kabus,3.51963E+11,josette.kabus@keller-roth.com,48 Aebistrasse,Uri,,3382,Switzerland
REC139,Ovidio,Cooley,881389107,ovidio.cooley@blanc.com,43 avenue Lemonnier,DelmasBourg,,92706,France
REC140,Clare,Sims,41384657854,clare.sims@outlook.com,30548 Hays Plains,Waadt,,2559,Switzerland
REC141,Thomas,Amorim,1809710310,thomas.amorim@icloud.com,5054 Lauren Mews,South Thomasside,,52932,Canada
REC142,Chloe,Pomares,41622215958,chloe.pomares@coelho.ch,Rotonda Traversa 16 Appartamento 69,Neuenburg,,7459,Switzerland
REC144,Ake,Ginese,16893725584,ake.ginese@patberg.net,3 Bolzmannweg,Pritzwalk,Thuringen,17798,Germany
REC145,Laurie,Davies,1281807061,laurie.davies@icloud.com,858 James Road,Mccarthyborough,Utah,47968,United States
REC146,Dario,Davidson,1970112247,dariosdavidson@gmail.com,452 William Square,New Nicholas,,69898,Canada
REC148,Milo,Sherlock,4.90986E+11,milo.sherlock@corduff-tynan.com,92 Deignan Street,Eryn Ville,,D6Y1,Ireland
REC149,Nanni,Sutton,33482109101,nanni.sutton@halloran-oconnor.com,26 Tynan Street,Hayden Ville,,D4X8,Ireland
REC150,Pieter,van der Pol,43979341925,pietervanderpol@franketrubinstiftungandcokg.at,00 Antonella-Seitz-Platz,Poysdorf,Oberosterreich,3585,Austria
REC151,Yanni,Holsten,1299027032,tanholsten@johnson-spencer.ca,82 Condron Street,Port Andrew,,52688,Canada
REC152,Craig,Vieira,698151079,craig.vieira@suessebier.net,6 Swen-Jahn-Platz,Hainichen,Schleswig-Holstein,56868,Germany
REC153,Aron,Fox,61928502181,aron.fox@icloud.com,42 Hannah Gap,Shepardland,Victoria,5521,Australia
REC154,Margarida,Jesus,31303929362,margarida.jesus@ignateva.edu,44 .,St.Petersburg,,661029,Russia
REC155,Joan,Roy,177099593,joan.roy@lledo.net,4 Paseo de Belen Salva,Vizcaya,Valladolid,24038,Spain
REC156,Wayne,Tob,34747656046,w.t@borges.net,57 Travessa de Matos,Porto Santo,,8786-963,Portugal
REC157,Emily,Bishop,83893034384,emily.bishop@brooks-hurst.biz,728 Ronald Isle,Dawnberg,,M3S 2P8,Canada
REC158,Elvira,Jdotte,49991729499,elvira.jdotte@yahoo.com,3/8 Textorweg,Aue,Nordrhein-Westfalen,44688,Germany
REC159,Santos,Cruz,1710494143,Sany.cruz@carvajal-lastra.com,21046 Wright Way Apt. 595,Myersborough,Nebraska,194-2610,United States
REC160,Cebrian,Salgado,34738723974,cebrian.salgado@koch.com,3/9 Kuschplatz,Crailsheim,Sachsen-Anhalt,78658,Germany
REC161,Matilde,Woodard,13198683602,matilde.woodard@ao.edu,944 .,St.Petersburg,,260745,Russia
REC162,Kerrie,Garcia,41860307543,kerrie.garcia@brito.ch,Via Cristoforetti 6 Piano 5,Basel-Stadt,,7889,Switzerland
REC164,Melissa,Bodin,115217841,melissa.bodin@ip.org,3/8 .,St.Petersburg,,551171,Russia
REC165,Raul,Wilmont,3.5167E+11,Raulport@gmail.com,C. Marino Marino 12,Santa Comba Dao,,4951-207,Portugal
REC166,Inka,Cook,1537536227,inka.cook@outlook.com,004 Christine Tunnel,South Dalefort,,80857,Canada
REC167,Zach,Kok,3.53216E+11,zach.kok@gmail.ie,"Studio 88
Walters hills",Sacha Ville,,D6Y3,Ireland
REC168,Thomas,Alegria,31637260008,thomas.alegria@montanari-capecchisrl.nl,Dolores-Mlichen-Ring 09,Haren,,5648 PF,Netherlands
REC169,Fabiana,Johnson,39492515484,fabiana.johnson@gmail.com,35 Borgo Lando,Fortunata umbro,Lecce,42467,Italy
REC170,Lukas,Johansson,31830493989,lukas.johansson@marshall-craig.nl,028 Ann Shore Suite 865,Nieuwlande,,4279 FO,Netherlands
REC171,Aine,Salz,13893642157,aine.salz@laporte.net,768 chemin de Girard,Sainte Nicole-la-Foret,,70196,France
REC172,Todd,Rodd,44301668250,roddzt@gmail.com,4 Kirk vista,Parkerview,,L6B 1QZ,United Kingdom
REC173,Loretta,Svensson,31747949620,loretta.svensson@outlook.com,16 Thijnlaan,Oldemarkt,,4124 LO,Netherlands
REC174,Ottokar,Nelson,3.51911E+11,ottokar.nelson@chico.es,2 Cuesta Chus Jorda,Sevilla,Malaga,48911,Spain
REC175,Zoe,Cafarchia,9006433522,Zoe.cafarchia@schultz.org,314 Patterson Corners,South Angelaland,Oklahoma,54781,United States
REC176,Guy,van de Ven,1538316866689891,guy.van de ven@buchanan.info,5799 Thomas Meadow,North Vanessa,Colorado,63716,United States
REC177,Stacy,Posada,34256990513,stacy.posada@crossltd.es,95939 Sharon Divide,Alava,Las Palmas,75952,Spain
REC178,Peter,Batalla,39935783137,peter.batalla@gmail.com,4 Via Bettina,Settimo Fiorenzo,Bologna,67399,Italy
REC179,Josette,Rodriguez,39646006478,josette.rodriguez@yahoo.com,7887 Melissa Mountain Suite 315,Isa umbro,Perugia,11299,Italy
REC180,Barrie,Hale,1552945253,halezb@gmail.com,0572 Eric Islands,Miafort,,56560,Canada
REC181,Leon,Versace,3.30243E+11,leon.versace@buchholz.com,508 Constance-Wernecke-Allee,Kaiserslautern,Hamburg,83450,Germany
REC182,Patrick,Melo,1739186670,patrick.melo@jttnerjacobijckelkg.com,53 Dignan Street,Sabrinaton,Oklahoma,314-2616,United States
REC183,Richard,Gaudin,3.53664E+11,richard.gaudin@royalhendricks.ie,94 Twohig Street,Serena Ville,,D8Y4,Ireland
REC184,Emma,Besson,34965932121,emma.besson@eriksson.com,08 Stationsgatan,Helsingborg,Blekinge lan,83709,Sweden
REC185,Karen,Wong,31658441546,karen.wong@yahoo.com,7 Miller Right Of Way,Idskenhuizen,,6339 DB,Netherlands
REC186,Renata,Giorgetti,46846650713,renata.giorgetti@fischer.se,583 Angsgatan,Ornskoldsvik,Gotlands lan,83932,Sweden
REC187,George,Vicens,46402106943,george.vicens@nedschroef.se,rue Denise Legros,Alingsas,Sodermanlands lan,67017,Sweden
REC188,Dim,Carre,89595018870,dim.carre@erkafarm.com,836 .,St.Petersburg,,787454,Russia
REC190,Fabiana,Boeser,44448910153,fabiana.boeser@gmail.com,7 Rebecca squares,Lake Samantha,,F1G 0GB,United Kingdom
REC191,Irma,Weiss,34735931320,irma.weiss@losekann.com,01 Vladimir-Karge-Allee,Haldensleben,Bayern,53939,Germany
REC192,Kellie,Heredia,201983560,kellie.heredia@auch.com,43 Edda-Horle-Gasse,Schwerin,Baden-Wurttemberg,22580,Germany
REC193,Penelope,Menard,11906933023,penelope.menard@alexander-moore.com,6150 Linda Plains,Clineburgh,,X2G8L7,Canada
REC194,Joao,Leonardi,44421810398,joao.leonardi@gmail.com,035 Wright fall,North Denise,,L3O 5QM,United Kingdom
REC195,Angela,Maury,49785018894,angela.maury@yahoo.com,4/8 Barthstr.,Waldmunchen,Sachsen-Anhalt,22505,Germany
REC196,Marcus,Delattre,3.53165E+11,marcus.delattre@hotmail.com,46 Taylor Street,Peadar Ville,,D8X3,Ireland
REC197,Jose,Guillet,4.907E+12,jose.guillet@porter.com,1981 Kristina Ridges,New Ashleyville,Nebraska,79517,United States